{
  "trained_at": "2026-05-28T12:20:22.074480+00:00",
  "customer_count": 162,
  "churn_metrics": {
    "f1_mean": 0.788,
    "f1_std": 0.2408,
    "accuracy": 0.7377
  },
  "potential_metrics": {
    "r2_score": 1.0
  },
  "clv_metrics": {
    "r2_score": 1.0
  },
  "churn_feature_importance": {
    "recency_days": 0.07950268403283572,
    "frequency": 0.13966610027172074,
    "monetary": 2.0219692262490896e-05,
    "avg_order_value": 0.012382632000023375,
    "cancel_rate": 0.007974251526872653,
    "order_trend": 0.024567309186742325,
    "product_views_30d": 0.23169102963258809,
    "add_to_cart_30d": 0.03783108749906632,
    "wishlist_adds_30d": 0.02243822117766726,
    "view_to_cart_ratio": 0.02402504420262446,
    "engagement_trend": 0.0618724849343982,
    "chatbot_sessions_30d": 0.03941679467447167,
    "chatbot_queries_30d": 0.02596577822197363,
    "account_age_days": 0.014679521790625429,
    "wishlist_size": 0.15783477746753155,
    "profile_completeness": 0.12013206368859607
  },
  "potential_feature_importance": {
    "recency_days": 0.0005994235991007789,
    "frequency": 1.780960984405372e-05,
    "monetary": 0.022729995154872795,
    "avg_order_value": 0.008318819688194787,
    "cancel_rate": 1.7295536174739452e-08,
    "order_trend": 5.399191269817601e-05,
    "product_views_30d": 0.00010446062201147217,
    "add_to_cart_30d": 0.00015107058117635325,
    "wishlist_adds_30d": 4.0609791682079326e-05,
    "view_to_cart_ratio": 0.00018957371996227977,
    "engagement_trend": 2.5633852695293914e-05,
    "chatbot_sessions_30d": 0.5409334335971975,
    "chatbot_queries_30d": 0.12430806240755858,
    "account_age_days": 0.00011030428648711316,
    "wishlist_size": 0.30233942685554377,
    "profile_completeness": 7.736702543881224e-05
  },
  "clv_feature_importance": {
    "recency_days": 0.002634857895964802,
    "frequency": 0.6792196736058665,
    "monetary": 0.2686557009815529,
    "avg_order_value": 0.02614794814211807,
    "cancel_rate": 1.5564648100711006e-05,
    "order_trend": 0.0005570719335898201,
    "product_views_30d": 0.004422874048746558,
    "add_to_cart_30d": 0.0015754976925216736,
    "wishlist_adds_30d": 0.0006599423952919252,
    "view_to_cart_ratio": 0.000782966693811491,
    "engagement_trend": 0.005198236966904254,
    "chatbot_sessions_30d": 0.0019411282263008802,
    "chatbot_queries_30d": 0.0009351538602126929,
    "account_age_days": 0.003760204541033275,
    "wishlist_size": 0.003270207226908655,
    "profile_completeness": 0.00022297114107561362
  }
}