{
  "trained_at": "2026-05-11T19:24:07.079252+00:00",
  "customer_count": 32,
  "churn_metrics": {
    "f1_mean": 1.0,
    "f1_std": 0.0,
    "accuracy": 1.0
  },
  "potential_metrics": {
    "r2_score": 1.0
  },
  "churn_feature_importance": {
    "recency_days": 0.09999999999999996,
    "frequency": 0.014760252872637453,
    "monetary": 0.01710069206859828,
    "avg_order_value": 3.110034275965832e-17,
    "cancel_rate": 0.0,
    "order_trend": 0.1926600413000205,
    "product_views_30d": 0.12143538610160093,
    "add_to_cart_30d": 0.09153744238685375,
    "wishlist_adds_30d": 0.010000000000000007,
    "view_to_cart_ratio": 0.13,
    "engagement_trend": 0.1396325685937034,
    "chatbot_sessions_30d": 0.06917233139702547,
    "chatbot_queries_30d": 0.10866902247641987,
    "account_age_days": 0.0,
    "wishlist_size": 0.005032262803140346,
    "profile_completeness": 0.0
  },
  "potential_feature_importance": {
    "recency_days": 0.3965232920403851,
    "frequency": 0.21904997217739497,
    "monetary": 0.0008604972654117692,
    "avg_order_value": 0.0014687455394366408,
    "cancel_rate": 3.6209416656169105e-05,
    "order_trend": 0.016527570214966123,
    "product_views_30d": 7.180638075892257e-06,
    "add_to_cart_30d": 1.010554149717299e-05,
    "wishlist_adds_30d": 2.2915074021055123e-06,
    "view_to_cart_ratio": 8.160871474645339e-07,
    "engagement_trend": 0.006799238585253587,
    "chatbot_sessions_30d": 0.02495216376801996,
    "chatbot_queries_30d": 0.018830178913668623,
    "account_age_days": 6.939539296662519e-06,
    "wishlist_size": 0.3149225146277961,
    "profile_completeness": 2.284137591834081e-06
  }
}