{
  "trained_at": "2026-06-15T08:31:51.249691+00:00",
  "customer_count": 202,
  "churn_metrics": {
    "f1_mean": 0.5223,
    "f1_std": 0.2514,
    "accuracy": 0.6237
  },
  "potential_metrics": {
    "r2_score": 1.0
  },
  "clv_metrics": {
    "r2_score": 1.0
  },
  "recommendation_metrics": {
    "f1_mean": 0.0245,
    "f1_std": 0.0268,
    "accuracy": 0.4788
  },
  "churn_feature_importance": {
    "recency_days": 0.1761628408618172,
    "frequency": 0.04337304628617656,
    "monetary": 0.06216895041210344,
    "avg_order_value": 0.04159005860606329,
    "cancel_rate": 0.0014205808057822756,
    "order_trend": 0.0657376494222686,
    "product_views_30d": 0.06905581474530177,
    "add_to_cart_30d": 0.04485554468376865,
    "wishlist_adds_30d": 0.06492945809889818,
    "view_to_cart_ratio": 0.11733730106366544,
    "engagement_trend": 0.03953761409906791,
    "chatbot_sessions_30d": 0.0232754360257419,
    "chatbot_queries_30d": 0.03928384121997816,
    "account_age_days": 0.04957197926383831,
    "wishlist_size": 0.13286049219855664,
    "profile_completeness": 0.028839392206971737
  },
  "potential_feature_importance": {
    "recency_days": 3.98021475533865e-05,
    "frequency": 0.025347710870557684,
    "monetary": 0.018188296910397778,
    "avg_order_value": 0.011195788939008477,
    "cancel_rate": 8.721119231240868e-06,
    "order_trend": 0.00048160076647756035,
    "product_views_30d": 0.000833950503948675,
    "add_to_cart_30d": 0.0005013697144717941,
    "wishlist_adds_30d": 0.00031405844377095513,
    "view_to_cart_ratio": 0.0009000329097898922,
    "engagement_trend": 0.0005149479915633502,
    "chatbot_sessions_30d": 0.0001664307831328406,
    "chatbot_queries_30d": 0.7791389434160438,
    "account_age_days": 0.0002852337038400572,
    "wishlist_size": 0.16193309890186425,
    "profile_completeness": 0.0001500128783481731
  },
  "clv_feature_importance": {
    "recency_days": 0.0034579907524935186,
    "frequency": 0.6244354447818555,
    "monetary": 0.32991562367007626,
    "avg_order_value": 0.010487746512079597,
    "cancel_rate": 3.787474456242299e-06,
    "order_trend": 0.0013786115665352545,
    "product_views_30d": 0.002024499737328434,
    "add_to_cart_30d": 0.0007147261166499193,
    "wishlist_adds_30d": 0.003970864691535293,
    "view_to_cart_ratio": 0.000329297243839293,
    "engagement_trend": 0.017808065903479487,
    "chatbot_sessions_30d": 0.0007807288812421972,
    "chatbot_queries_30d": 0.001162476741976921,
    "account_age_days": 0.0021406347014764245,
    "wishlist_size": 0.0007529059125476599,
    "profile_completeness": 0.0006365953124278761
  },
  "recommendation_feature_importance": {
    "recency_days": 0.08204970467949586,
    "frequency": 0.053750723431106,
    "monetary": 0.0978535465163712,
    "avg_order_value": 0.07682515505990031,
    "cancel_rate": 0.0023319220690024354,
    "order_trend": 0.028424530027632372,
    "product_views_30d": 0.015226515498605602,
    "add_to_cart_30d": 0.00953978476591161,
    "wishlist_adds_30d": 0.00704375839213696,
    "view_to_cart_ratio": 0.02248606109402799,
    "engagement_trend": 0.020559924421349008,
    "chatbot_sessions_30d": 0.007587067194289131,
    "chatbot_queries_30d": 0.0231600459411904,
    "account_age_days": 0.03853162536946033,
    "wishlist_size": 0.021186171496704292,
    "profile_completeness": 0.0278646875301659,
    "product_price": 0.12174472077630163,
    "product_discount": 0.02913192504831992,
    "product_rating": 0.00010850392645206344,
    "product_views": 0.014386466141903231,
    "product_purchases": 0.13481522228703688,
    "is_preferred_category": 0.16539193833263688,
    "user_view_count": 0.0,
    "user_cart_count": 0.0
  }
}