{
  "trained_at": "2026-06-14T13:43:25.722173+00:00",
  "customer_count": 202,
  "churn_metrics": {
    "f1_mean": 0.538,
    "f1_std": 0.2457,
    "accuracy": 0.6332
  },
  "potential_metrics": {
    "r2_score": 1.0
  },
  "clv_metrics": {
    "r2_score": 1.0
  },
  "churn_feature_importance": {
    "recency_days": 0.17680430559298194,
    "frequency": 0.06691119789722172,
    "monetary": 0.08298560821002252,
    "avg_order_value": 0.049601366356149326,
    "cancel_rate": 0.0035463964026364887,
    "order_trend": 0.05320020375427309,
    "product_views_30d": 0.07068068543329574,
    "add_to_cart_30d": 0.013058259793006045,
    "wishlist_adds_30d": 0.09640884892095798,
    "view_to_cart_ratio": 0.05853949656583338,
    "engagement_trend": 0.012860080048326535,
    "chatbot_sessions_30d": 0.037223089041414324,
    "chatbot_queries_30d": 0.02620312516448017,
    "account_age_days": 0.06188910207585529,
    "wishlist_size": 0.13797330892485524,
    "profile_completeness": 0.05211492581869022
  },
  "potential_feature_importance": {
    "recency_days": 0.00025400872437633486,
    "frequency": 0.014486275860501482,
    "monetary": 0.012100270502884643,
    "avg_order_value": 0.010408583237401592,
    "cancel_rate": 0.0005690600903624473,
    "order_trend": 0.000941385230490881,
    "product_views_30d": 0.017460864698552313,
    "add_to_cart_30d": 0.00010436089289512425,
    "wishlist_adds_30d": 5.582337011416559e-05,
    "view_to_cart_ratio": 2.229476733425476e-05,
    "engagement_trend": 8.528192723671227e-05,
    "chatbot_sessions_30d": 0.00011972788252301421,
    "chatbot_queries_30d": 0.783129858007918,
    "account_age_days": 1.0134761263834302e-05,
    "wishlist_size": 0.15940228653731994,
    "profile_completeness": 0.0008497835088252427
  },
  "clv_feature_importance": {
    "recency_days": 0.006311353489579648,
    "frequency": 0.6165979497215321,
    "monetary": 0.3349804240013298,
    "avg_order_value": 0.01786966114663778,
    "cancel_rate": 6.02818243463781e-08,
    "order_trend": 0.0028592054019755406,
    "product_views_30d": 0.00031510787748481443,
    "add_to_cart_30d": 0.0017351559799559503,
    "wishlist_adds_30d": 0.0014448524967716864,
    "view_to_cart_ratio": 0.0032989940891610292,
    "engagement_trend": 0.008217663495739679,
    "chatbot_sessions_30d": 0.0011953087194721225,
    "chatbot_queries_30d": 0.0005823388799577498,
    "account_age_days": 0.0030688143842040392,
    "wishlist_size": 0.0005243200852713519,
    "profile_completeness": 0.0009987899491022173
  }
}