{
  "trained_at": "2026-06-10T06:55:29.229197+00:00",
  "customer_count": 162,
  "churn_metrics": {
    "f1_mean": 0.7654,
    "f1_std": 0.3344,
    "accuracy": 0.8523
  },
  "potential_metrics": {
    "r2_score": 1.0
  },
  "clv_metrics": {
    "r2_score": 1.0
  },
  "churn_feature_importance": {
    "recency_days": 0.0212644451406963,
    "frequency": 0.01202610304704199,
    "monetary": 0.005735220510220006,
    "avg_order_value": 0.0016037895384988863,
    "cancel_rate": 0.004250958527789387,
    "order_trend": 0.004225690319886912,
    "product_views_30d": 0.33143118807789246,
    "add_to_cart_30d": 0.12351064988353311,
    "wishlist_adds_30d": 0.077784597171929,
    "view_to_cart_ratio": 0.19581836544227665,
    "engagement_trend": 0.015161308441418248,
    "chatbot_sessions_30d": 0.04862236676345559,
    "chatbot_queries_30d": 0.02112375791177271,
    "account_age_days": 0.00890300384453858,
    "wishlist_size": 0.11642011074712344,
    "profile_completeness": 0.012118444631926618
  },
  "potential_feature_importance": {
    "recency_days": 0.4891249661417728,
    "frequency": 0.00013380109367816767,
    "monetary": 0.032471762236954894,
    "avg_order_value": 0.010232539197299684,
    "cancel_rate": 0.0005320443987364444,
    "order_trend": 0.00019896557113698883,
    "product_views_30d": 0.009996231412424042,
    "add_to_cart_30d": 0.0374741975092514,
    "wishlist_adds_30d": 0.0010686090800721356,
    "view_to_cart_ratio": 0.009230527008993376,
    "engagement_trend": 0.006693348215460937,
    "chatbot_sessions_30d": 0.0366623663887362,
    "chatbot_queries_30d": 0.0002790336593002083,
    "account_age_days": 0.0002951081258900698,
    "wishlist_size": 0.36554328540103315,
    "profile_completeness": 6.321455925950506e-05
  },
  "clv_feature_importance": {
    "recency_days": 0.008753724381004774,
    "frequency": 0.022349279736276904,
    "monetary": 0.9274467666506037,
    "avg_order_value": 0.011119366822515225,
    "cancel_rate": 0.0009423074984548442,
    "order_trend": 0.013145090768716186,
    "product_views_30d": 0.0023167090437110206,
    "add_to_cart_30d": 0.0003107664530755833,
    "wishlist_adds_30d": 0.0005150521461019052,
    "view_to_cart_ratio": 0.003001068381421707,
    "engagement_trend": 0.0029102937499084994,
    "chatbot_sessions_30d": 5.415625861239199e-06,
    "chatbot_queries_30d": 7.740159847044738e-06,
    "account_age_days": 0.002732356484532194,
    "wishlist_size": 0.004375621885716461,
    "profile_completeness": 6.844021225278912e-05
  }
}