{
  "trained_at": "2026-05-06T08:56:08.187600+00:00",
  "customer_count": 32,
  "churn_metrics": {
    "f1_mean": 1.0,
    "f1_std": 0.0,
    "accuracy": 1.0
  },
  "potential_metrics": {
    "r2_score": 1.0
  },
  "churn_feature_importance": {
    "recency_days": 0.05999999999999997,
    "frequency": 3.1687930183575593e-17,
    "monetary": 0.01337883959044367,
    "avg_order_value": 4.613593457886758e-17,
    "cancel_rate": 0.0,
    "order_trend": 0.13521277717602342,
    "product_views_30d": 0.11507368421052629,
    "add_to_cart_30d": 0.07,
    "wishlist_adds_30d": 0.01000000000000001,
    "view_to_cart_ratio": 0.2,
    "engagement_trend": 0.15999999999999998,
    "chatbot_sessions_30d": 0.08999999999999998,
    "chatbot_queries_30d": 0.13999999999999999,
    "account_age_days": 0.0,
    "wishlist_size": 0.006334699023006631,
    "profile_completeness": 0.0
  },
  "potential_feature_importance": {
    "recency_days": 0.07601602749354688,
    "frequency": 0.20699100969033443,
    "monetary": 0.02645638897296173,
    "avg_order_value": 0.009652100138962401,
    "cancel_rate": 0.0,
    "order_trend": 0.028762867570294164,
    "product_views_30d": 0.17608662625537153,
    "add_to_cart_30d": 0.21313949705663637,
    "wishlist_adds_30d": 0.16361181304906397,
    "view_to_cart_ratio": 0.02056795725214022,
    "engagement_trend": 0.02419173161215392,
    "chatbot_sessions_30d": 0.03596431695640127,
    "chatbot_queries_30d": 0.016393474401929294,
    "account_age_days": 0.0020630257356525025,
    "wishlist_size": 9.909174363958877e-05,
    "profile_completeness": 4.072070911711073e-06
  }
}