{
  "trained_at": "2026-06-19T16:01:43.852803+00:00",
  "customer_count": 202,
  "churn_metrics": {
    "f1_mean": 0.5196,
    "f1_std": 0.2413,
    "accuracy": 0.6184
  },
  "potential_metrics": {
    "r2_score": 1.0
  },
  "clv_metrics": {
    "r2_score": 1.0
  },
  "recommendation_metrics": {
    "f1_mean": 0.1724,
    "f1_std": 0.0493,
    "accuracy": 0.4175
  },
  "churn_feature_importance": {
    "recency_days": 0.23185219835157433,
    "frequency": 0.05413542303372737,
    "monetary": 0.04664156062781907,
    "avg_order_value": 0.05277180419330303,
    "cancel_rate": 0.00476293033798184,
    "order_trend": 0.05869177115902114,
    "product_views_30d": 0.05974260184245915,
    "add_to_cart_30d": 0.04272391401842136,
    "wishlist_adds_30d": 0.12963326617177628,
    "view_to_cart_ratio": 0.07887180546753277,
    "engagement_trend": 0.02965834184652901,
    "chatbot_sessions_30d": 0.01693115415514419,
    "chatbot_queries_30d": 0.009016130123990695,
    "account_age_days": 0.05996770915993436,
    "wishlist_size": 0.09638155512030055,
    "profile_completeness": 0.02821783439048478
  },
  "potential_feature_importance": {
    "recency_days": 0.000802551041782586,
    "frequency": 0.016035024056756983,
    "monetary": 0.013230041924736188,
    "avg_order_value": 0.013078624422067663,
    "cancel_rate": 2.7321019676229753e-05,
    "order_trend": 1.012826712308554e-05,
    "product_views_30d": 0.01843693032235718,
    "add_to_cart_30d": 0.00010155714451933331,
    "wishlist_adds_30d": 8.75735773158002e-05,
    "view_to_cart_ratio": 3.512909551688576e-05,
    "engagement_trend": 0.0002494090691066598,
    "chatbot_sessions_30d": 0.000673430954732369,
    "chatbot_queries_30d": 0.8046932615366871,
    "account_age_days": 5.155790494027103e-05,
    "wishlist_size": 0.13169046610796584,
    "profile_completeness": 0.0007969935547158034
  },
  "clv_feature_importance": {
    "recency_days": 0.008089266466021384,
    "frequency": 0.6533375473679133,
    "monetary": 0.24196291376007809,
    "avg_order_value": 0.03295650258782219,
    "cancel_rate": 4.7070963469252244e-07,
    "order_trend": 0.002640433680548296,
    "product_views_30d": 0.009166846669376429,
    "add_to_cart_30d": 0.012312689308763279,
    "wishlist_adds_30d": 0.013897370425466299,
    "view_to_cart_ratio": 0.002567418847126788,
    "engagement_trend": 0.013037844500155068,
    "chatbot_sessions_30d": 0.00012755944413450366,
    "chatbot_queries_30d": 0.0010818131833443192,
    "account_age_days": 0.005074677631302091,
    "wishlist_size": 0.0014172077790334885,
    "profile_completeness": 0.002329437639279731
  },
  "recommendation_feature_importance": {
    "recency_days": 0.07443421253301258,
    "frequency": 0.014246047076164696,
    "monetary": 0.03330980102094538,
    "avg_order_value": 0.027291362709097294,
    "cancel_rate": 0.0014326642212038768,
    "order_trend": 0.034064601475298224,
    "product_views_30d": 0.04905677615192945,
    "add_to_cart_30d": 0.05212487069340861,
    "wishlist_adds_30d": 0.10693026074345481,
    "view_to_cart_ratio": 0.033421472425196976,
    "engagement_trend": 0.05130981167102462,
    "chatbot_sessions_30d": 0.05292460202813198,
    "chatbot_queries_30d": 0.07580598056095669,
    "account_age_days": 0.04916054266761684,
    "wishlist_size": 0.07724972871669329,
    "profile_completeness": 0.007735773427306454,
    "product_price": 0.0685081048916598,
    "product_discount": 0.01563822320380513,
    "product_rating": 0.0014457850753966826,
    "product_views": 0.006581509737255291,
    "product_purchases": 0.06518937700058015,
    "is_preferred_category": 0.047011320307461496,
    "user_view_count": 0.051576238002215974,
    "user_cart_count": 0.003550933660183732
  }
}