{
  "trained_at": "2026-05-28T12:41:54.741767+00:00",
  "customer_count": 162,
  "churn_metrics": {
    "f1_mean": 0.788,
    "f1_std": 0.2408,
    "accuracy": 0.7377
  },
  "potential_metrics": {
    "r2_score": 1.0
  },
  "clv_metrics": {
    "r2_score": 1.0
  },
  "churn_feature_importance": {
    "recency_days": 0.07097830652424075,
    "frequency": 0.14020943740946454,
    "monetary": 0.0033473511164160614,
    "avg_order_value": 0.012382632000023376,
    "cancel_rate": 0.007974251526872653,
    "order_trend": 0.024567309186742325,
    "product_views_30d": 0.236656645700475,
    "add_to_cart_30d": 0.02930376021830382,
    "wishlist_adds_30d": 0.02243822117766726,
    "view_to_cart_ratio": 0.01978073950772774,
    "engagement_trend": 0.06461756544121268,
    "chatbot_sessions_30d": 0.04625684804163556,
    "chatbot_queries_30d": 0.02596577822197364,
    "account_age_days": 0.017554312771116933,
    "wishlist_size": 0.15783477746753155,
    "profile_completeness": 0.12013206368859608
  },
  "potential_feature_importance": {
    "recency_days": 0.0004469172163677542,
    "frequency": 3.91895269187577e-05,
    "monetary": 0.022061486758841772,
    "avg_order_value": 0.009011149004451364,
    "cancel_rate": 2.4680814165771555e-05,
    "order_trend": 9.65680409814235e-06,
    "product_views_30d": 0.00011763146383348968,
    "add_to_cart_30d": 8.30812929569791e-05,
    "wishlist_adds_30d": 1.7145809128829753e-05,
    "view_to_cart_ratio": 6.12197375893535e-05,
    "engagement_trend": 4.502563147309546e-05,
    "chatbot_sessions_30d": 0.22705383443919075,
    "chatbot_queries_30d": 0.2191376637611963,
    "account_age_days": 0.0006050181566210613,
    "wishlist_size": 0.5212020592630763,
    "profile_completeness": 8.42403200903377e-05
  },
  "clv_feature_importance": {
    "recency_days": 0.002854167432798748,
    "frequency": 0.6740764880342187,
    "monetary": 0.2728705269093035,
    "avg_order_value": 0.0254991429880526,
    "cancel_rate": 2.6744554500074427e-05,
    "order_trend": 0.0025135351681542803,
    "product_views_30d": 0.004647012795755749,
    "add_to_cart_30d": 0.0007806649206068195,
    "wishlist_adds_30d": 0.0011235584154431959,
    "view_to_cart_ratio": 0.0022167517047064554,
    "engagement_trend": 0.005578612326802948,
    "chatbot_sessions_30d": 0.000899841318964755,
    "chatbot_queries_30d": 0.001330000863259645,
    "account_age_days": 0.004150254579341668,
    "wishlist_size": 0.0011228654626928873,
    "profile_completeness": 0.0003098325253978266
  }
}