{
  "trained_at": "2026-05-10T15:22:26.597986+00:00",
  "customer_count": 122,
  "churn_metrics": {
    "f1_mean": 0.9714,
    "f1_std": 0.0571,
    "accuracy": 0.992
  },
  "potential_metrics": {
    "r2_score": 1.0
  },
  "churn_feature_importance": {
    "recency_days": 0.0106254905434801,
    "frequency": 0.005150512624105901,
    "monetary": 0.0020553589433635003,
    "avg_order_value": 0.002287839537781583,
    "cancel_rate": 2.818278038015964e-17,
    "order_trend": 2.3318517834277006e-16,
    "product_views_30d": 0.1659757075568009,
    "add_to_cart_30d": 0.16967797845692703,
    "wishlist_adds_30d": 1.3367106918660807e-16,
    "view_to_cart_ratio": 0.22247294221861907,
    "engagement_trend": 0.2672770549565186,
    "chatbot_sessions_30d": 0.05371867249782523,
    "chatbot_queries_30d": 0.041629274457981785,
    "account_age_days": 0.02853798680761202,
    "wishlist_size": 0.01243546998892834,
    "profile_completeness": 0.018155711410055397
  },
  "potential_feature_importance": {
    "recency_days": 0.007362717815203521,
    "frequency": 0.24097135844192555,
    "monetary": 0.0045981374291235695,
    "avg_order_value": 0.00527537191846188,
    "cancel_rate": 6.226990798435107e-05,
    "order_trend": 8.433076941991587e-06,
    "product_views_30d": 0.03872249830812228,
    "add_to_cart_30d": 0.004501719291556698,
    "wishlist_adds_30d": 0.18218841358279225,
    "view_to_cart_ratio": 0.000709428935120445,
    "engagement_trend": 0.0033184375708171293,
    "chatbot_sessions_30d": 0.001673619966013738,
    "chatbot_queries_30d": 0.025405798244240534,
    "account_age_days": 0.00029632015044180515,
    "wishlist_size": 0.3544551789349189,
    "profile_completeness": 0.1304502964263354
  }
}